{
  "platoon1_n30_r150": {
    "LFU": {
      "mean": 53.55669,
      "std": 1.4990943408938626,
      "per_seed": [
        54.1899,
        51.3009,
        53.8667,
        52.3341,
        52.5144,
        52.5847,
        56.0129,
        52.2964,
        55.4753,
        54.9916
      ]
    },
    "EDC": {
      "mean": 52.395900000000005,
      "std": 1.5871887209780684,
      "per_seed": [
        52.9753,
        49.9162,
        51.6913,
        51.2551,
        51.2307,
        51.9337,
        55.0006,
        51.3198,
        54.3697,
        54.2666
      ]
    },
    "SU": {
      "mean": 55.62196,
      "std": 1.7700219632535623,
      "per_seed": [
        54.4406,
        53.1267,
        56.1422,
        54.7101,
        56.371,
        56.3575,
        59.1946,
        52.9326,
        56.6476,
        56.2967
      ]
    }
  },
  "platoon1_n30_r400": {
    "LFU": {
      "mean": 46.10645999999999,
      "std": 2.801874766723168,
      "per_seed": [
        43.431,
        46.1027,
        43.7966,
        48.0405,
        46.3526,
        46.6696,
        45.8839,
        41.788,
        52.6751,
        46.3246
      ]
    },
    "EDC": {
      "mean": 45.785790000000006,
      "std": 3.001499521389267,
      "per_seed": [
        42.7457,
        45.6616,
        43.0733,
        47.4758,
        45.9229,
        46.9089,
        45.0884,
        41.9276,
        53.1307,
        45.923
      ]
    },
    "SU": {
      "mean": 51.61138,
      "std": 2.9035533054517866,
      "per_seed": [
        47.6878,
        50.4411,
        52.4869,
        49.9693,
        53.1674,
        54.9608,
        54.0661,
        46.1131,
        55.3697,
        51.8516
      ]
    }
  },
  "platoon1_n130_r150": {
    "LFU": {
      "mean": 53.42801000000001,
      "std": 1.4776951725237522,
      "per_seed": [
        54.0166,
        51.0795,
        53.7986,
        52.0748,
        52.2662,
        52.6775,
        56.2709,
        52.638,
        54.7064,
        54.7516
      ]
    },
    "EDC": {
      "mean": 52.87344,
      "std": 1.4440740515638373,
      "per_seed": [
        53.5292,
        50.8774,
        52.9124,
        51.1773,
        51.6172,
        52.3731,
        55.434,
        52.0871,
        54.1205,
        54.6062
      ]
    },
    "SU": {
      "mean": 55.794500000000006,
      "std": 1.658918036552739,
      "per_seed": [
        54.7536,
        54.5233,
        56.2531,
        54.5082,
        56.5706,
        56.1087,
        59.8521,
        53.4116,
        56.1271,
        55.8367
      ]
    }
  },
  "platoon1_n130_r400": {
    "LFU": {
      "mean": 45.755810000000004,
      "std": 2.623137373623424,
      "per_seed": [
        43.3481,
        45.7354,
        43.4142,
        47.7627,
        46.0007,
        46.3042,
        45.5402,
        41.956,
        51.9689,
        45.5277
      ]
    },
    "EDC": {
      "mean": 45.685430000000004,
      "std": 2.89643085056419,
      "per_seed": [
        42.6819,
        45.4277,
        43.0918,
        47.5383,
        46.2364,
        46.4994,
        44.8971,
        42.1452,
        52.7921,
        45.5444
      ]
    },
    "SU": {
      "mean": 51.47292,
      "std": 3.0828048893175186,
      "per_seed": [
        47.8534,
        50.038,
        51.5047,
        49.461,
        53.1945,
        55.1084,
        54.6087,
        45.7054,
        55.5335,
        51.7216
      ]
    }
  },
  "platoon10_n30_r150": {
    "LFU": {
      "mean": 53.59635000000001,
      "std": 1.6736244150047523,
      "per_seed": [
        53.5951,
        51.4399,
        54.2087,
        52.5398,
        52.6777,
        52.3833,
        56.7725,
        51.7145,
        55.3851,
        55.2469
      ]
    },
    "SU": {
      "mean": 54.556039999999996,
      "std": 1.8205442527991451,
      "per_seed": [
        52.6539,
        51.7301,
        55.8465,
        53.6239,
        55.4,
        55.73,
        57.3566,
        52.1773,
        54.6404,
        56.4017
      ]
    },
    "EDC": {
      "mean": 49.99210000000001,
      "std": 2.1358539355489645,
      "per_seed": [
        49.2955,
        44.6255,
        51.3119,
        49.3378,
        50.5578,
        49.5545,
        52.0498,
        49.4564,
        50.8392,
        52.8926
      ]
    }
  },
  "platoon10_n30_r400": {
    "LFU": {
      "mean": 46.034200000000006,
      "std": 2.8072893897850997,
      "per_seed": [
        43.3807,
        46.35,
        44.1591,
        48.3375,
        45.9612,
        46.3192,
        45.8308,
        41.4943,
        52.5231,
        45.9861
      ]
    },
    "EDC": {
      "mean": 45.23137,
      "std": 2.908105725399267,
      "per_seed": [
        42.3058,
        44.6702,
        43.5519,
        47.1193,
        45.8106,
        45.7401,
        44.8796,
        40.8642,
        52.2674,
        45.1046
      ]
    },
    "SU": {
      "mean": 51.929629999999996,
      "std": 3.1695706712581755,
      "per_seed": [
        47.5188,
        51.172,
        52.6322,
        49.6954,
        52.5271,
        54.427,
        55.4375,
        46.0385,
        56.2299,
        53.6179
      ]
    }
  },
  "platoon10_n130_r150": {
    "LFU": {
      "mean": 53.252250000000004,
      "std": 1.5238934065412857,
      "per_seed": [
        53.8339,
        50.7962,
        53.7386,
        51.8117,
        52.1606,
        52.5454,
        56.2239,
        52.373,
        54.6477,
        54.3915
      ]
    },
    "EDC": {
      "mean": 52.29415,
      "std": 1.4041352265718565,
      "per_seed": [
        52.3906,
        49.6672,
        52.756,
        51.0342,
        51.3312,
        52.4054,
        54.9826,
        51.6393,
        53.5962,
        53.1388
      ]
    },
    "SU": {
      "mean": 55.57033,
      "std": 1.7918101813808276,
      "per_seed": [
        54.14,
        53.6437,
        56.2576,
        54.4049,
        55.9345,
        56.2171,
        59.5525,
        52.9883,
        55.8197,
        56.745
      ]
    }
  },
  "platoon10_n130_r400": {
    "LFU": {
      "mean": 45.66974999999999,
      "std": 2.6399693643108813,
      "per_seed": [
        43.0674,
        45.6585,
        43.6948,
        47.5513,
        45.8378,
        46.3026,
        45.563,
        41.6698,
        51.9138,
        45.4385
      ]
    },
    "EDC": {
      "mean": 45.536030000000004,
      "std": 2.9191614128204706,
      "per_seed": [
        42.3843,
        45.3727,
        43.3609,
        47.3694,
        45.8597,
        46.4452,
        45.0392,
        41.6839,
        52.6781,
        45.1669
      ]
    },
    "SU": {
      "mean": 52.05013,
      "std": 3.292768575241814,
      "per_seed": [
        47.8538,
        51.0099,
        52.3012,
        49.0535,
        53.2529,
        54.9071,
        55.7105,
        45.9665,
        55.7415,
        54.7044
      ]
    }
  },
  "_meta": {
    "segment_m": 535.0,
    "seeds": [
      84810,
      15592,
      4278,
      98196,
      37048,
      33098,
      30256,
      19289,
      97530,
      14434
    ],
    "tier": "synthetic",
    "swept": {
      "platoon": [
        1,
        10
      ],
      "n_vehicles": [
        30,
        130
      ],
      "r_rel": [
        150.0,
        400.0
      ]
    }
  }
}