{
  "C0_orig_10km": {
    "LFU": {
      "mean": 52.903369999999995,
      "std": 1.625163508112339,
      "per_seed": [
        55.8857,
        52.7864,
        51.8372,
        50.9462,
        54.4419,
        52.7063,
        53.8361,
        52.6035,
        53.9344,
        50.056
      ]
    },
    "SU": {
      "mean": 52.17611999999999,
      "std": 1.4896392535107288,
      "per_seed": [
        55.2966,
        51.6958,
        51.6887,
        49.6292,
        52.6533,
        52.8168,
        52.1288,
        52.0705,
        53.421,
        50.3605
      ]
    }
  },
  "C1_unidirectional": {
    "LFU": {
      "mean": 52.90303,
      "std": 1.5895421473179,
      "per_seed": [
        55.6228,
        52.9877,
        51.6415,
        51.5908,
        54.6226,
        53.1091,
        53.4895,
        52.0941,
        54.0195,
        49.8527
      ]
    },
    "SU": {
      "mean": 52.28787000000001,
      "std": 1.1736231431341142,
      "per_seed": [
        54.6367,
        50.955,
        50.8778,
        50.9633,
        53.4189,
        52.7741,
        52.5759,
        51.9594,
        53.0733,
        51.6443
      ]
    }
  },
  "C2_dispersed_content": {
    "LFU": {
      "mean": 59.75372000000001,
      "std": 1.5311853478922806,
      "per_seed": [
        55.9356,
        59.769,
        60.8535,
        59.3448,
        58.4552,
        60.6256,
        60.5751,
        61.2763,
        59.5333,
        61.1688
      ]
    },
    "SU": {
      "mean": 58.39705999999999,
      "std": 2.216065412933473,
      "per_seed": [
        55.9531,
        53.8959,
        59.1155,
        56.3925,
        58.2116,
        59.5632,
        58.8045,
        60.8924,
        59.8283,
        61.3136
      ]
    }
  },
  "C3_small_rrel": {
    "LFU": {
      "mean": 73.29361,
      "std": 1.7793770951937082,
      "per_seed": [
        71.6578,
        74.8048,
        74.1736,
        77.1646,
        71.9417,
        73.9848,
        73.0025,
        73.2729,
        72.4356,
        70.4978
      ]
    },
    "SU": {
      "mean": 73.48555999999999,
      "std": 1.0463215779099668,
      "per_seed": [
        72.4917,
        72.3384,
        74.1586,
        75.6272,
        72.6925,
        74.5362,
        72.9464,
        74.1424,
        73.5086,
        72.4136
      ]
    }
  },
  "C4_short_road": {
    "LFU": {
      "mean": 53.41458,
      "std": 1.414811639618506,
      "per_seed": [
        53.9189,
        50.9401,
        53.6865,
        52.2342,
        52.415,
        52.7887,
        56.2417,
        52.8649,
        54.5899,
        54.4659
      ]
    },
    "SU": {
      "mean": 54.33542,
      "std": 1.8751270254572068,
      "per_seed": [
        54.9584,
        52.1159,
        54.3453,
        51.6721,
        52.5618,
        56.3177,
        56.768,
        52.8237,
        54.754,
        57.0373
      ]
    }
  },
  "C5_realistic_slow": {
    "LFU": {
      "mean": 53.252250000000004,
      "std": 1.5238934065412857,
      "per_seed": [
        53.8339,
        50.7962,
        53.7386,
        51.8117,
        52.1606,
        52.5454,
        56.2239,
        52.373,
        54.6477,
        54.3915
      ]
    },
    "SU": {
      "mean": 55.57033,
      "std": 1.7918101813808276,
      "per_seed": [
        54.14,
        53.6437,
        56.2576,
        54.4049,
        55.9345,
        56.2171,
        59.5525,
        52.9883,
        55.8197,
        56.745
      ]
    }
  },
  "_meta": {
    "seeds": [
      84810,
      15592,
      4278,
      98196,
      37048,
      33098,
      30256,
      19289,
      97530,
      14434
    ],
    "ladder": [
      "C0_orig_10km",
      "C1_unidirectional",
      "C2_dispersed_content",
      "C3_small_rrel",
      "C4_short_road",
      "C5_realistic_slow"
    ],
    "tier": "synthetic"
  }
}