{
  "hotspot1600": {
    "sparse": {
      "on_road_mean": 25.72083333333333,
      "LFU": {
        "mean": 54.1108,
        "std": 2.436775215730822,
        "per_seed": [
          53.5376,
          58.7617,
          52.0694,
          53.9556,
          52.2297
        ]
      },
      "TC_W0.2": {
        "mean": 54.66196,
        "std": 1.592349608094906,
        "per_seed": [
          53.3705,
          57.7667,
          53.7472,
          54.4678,
          53.9576
        ]
      },
      "EDC": {
        "mean": 53.14202,
        "std": 2.0768429130774426,
        "per_seed": [
          52.4234,
          56.9375,
          51.1186,
          53.6141,
          51.6165
        ]
      },
      "EDC_tte": {
        "mean": 53.163,
        "std": 1.9910499039451517,
        "per_seed": [
          52.8134,
          56.8823,
          51.5101,
          53.2157,
          51.3935
        ]
      }
    },
    "moderate": {
      "on_road_mean": 131.58649999999997,
      "LFU": {
        "mean": 53.50136,
        "std": 1.87868264547262,
        "per_seed": [
          52.3324,
          56.482,
          51.5235,
          52.2671,
          54.9018
        ]
      },
      "TC_W0.2": {
        "mean": 55.2019,
        "std": 1.387297010737067,
        "per_seed": [
          53.8438,
          57.4716,
          54.0753,
          54.4925,
          56.1263
        ]
      },
      "EDC": {
        "mean": 53.362,
        "std": 1.804481324924145,
        "per_seed": [
          52.3861,
          56.1982,
          51.3102,
          52.2216,
          54.6939
        ]
      },
      "EDC_tte": {
        "mean": 53.5192,
        "std": 1.7827569929746452,
        "per_seed": [
          52.5395,
          56.4207,
          51.5387,
          52.4109,
          54.6862
        ]
      }
    },
    "high": {
      "on_road_mean": 292.1605,
      "LFU": {
        "mean": 53.415020000000005,
        "std": 1.6896177110814152,
        "per_seed": [
          52.7851,
          56.0121,
          51.7955,
          51.7497,
          54.7327
        ]
      },
      "TC_W0.2": {
        "mean": 55.28302,
        "std": 1.3436030074393253,
        "per_seed": [
          54.021,
          57.219,
          55.2294,
          53.6518,
          56.2939
        ]
      },
      "EDC": {
        "mean": 53.35152000000001,
        "std": 1.7438916702593648,
        "per_seed": [
          52.9118,
          56.0327,
          51.717,
          51.472,
          54.6241
        ]
      },
      "EDC_tte": {
        "mean": 53.39506,
        "std": 1.7014776185421903,
        "per_seed": [
          52.922,
          55.9536,
          51.7682,
          51.592,
          54.7395
        ]
      }
    }
  },
  "corridor10000": {
    "sparse": {
      "on_road_mean": 25.72083333333333,
      "LFU": {
        "mean": 60.04746,
        "std": 1.2286866786939619,
        "per_seed": [
          58.9652,
          61.0711,
          58.2137,
          61.2903,
          60.697
        ]
      },
      "TC_W0.2": {
        "mean": 59.658860000000004,
        "std": 1.023156696894468,
        "per_seed": [
          58.5927,
          60.4583,
          58.543,
          61.1431,
          59.5572
        ]
      },
      "EDC": {
        "mean": 58.59968,
        "std": 1.1839993706079406,
        "per_seed": [
          57.1562,
          59.3525,
          57.2652,
          60.1258,
          59.0987
        ]
      },
      "EDC_tte": {
        "mean": 58.7923,
        "std": 1.1507319635779663,
        "per_seed": [
          57.3424,
          59.4857,
          57.4891,
          60.1526,
          59.4917
        ]
      }
    },
    "moderate": {
      "on_road_mean": 131.58650000000003,
      "LFU": {
        "mean": 57.245400000000004,
        "std": 1.4857960990660872,
        "per_seed": [
          55.4875,
          58.8029,
          56.0141,
          59.1821,
          56.7404
        ]
      },
      "TC_W0.2": {
        "mean": 58.94262,
        "std": 1.274773420494795,
        "per_seed": [
          57.5152,
          60.3964,
          57.7237,
          60.4816,
          58.5962
        ]
      },
      "EDC": {
        "mean": 58.726519999999994,
        "std": 1.3760142432402356,
        "per_seed": [
          57.1231,
          60.2381,
          57.6418,
          60.4858,
          58.1438
        ]
      },
      "EDC_tte": {
        "mean": 58.78982,
        "std": 1.3767976342222548,
        "per_seed": [
          57.2699,
          60.217,
          57.6124,
          60.6369,
          58.2129
        ]
      }
    },
    "high": {
      "on_road_mean": 292.16049999999996,
      "LFU": {
        "mean": 56.92078,
        "std": 1.574399253556733,
        "per_seed": [
          54.9292,
          56.1679,
          55.9762,
          59.0514,
          58.4792
        ]
      },
      "TC_W0.2": {
        "mean": 58.72446,
        "std": 1.4556804671355592,
        "per_seed": [
          56.9072,
          58.1436,
          57.7244,
          60.7246,
          60.1225
        ]
      },
      "EDC": {
        "mean": 58.69718,
        "std": 1.5421125813636312,
        "per_seed": [
          56.7333,
          57.9655,
          57.7913,
          60.8082,
          60.1876
        ]
      },
      "EDC_tte": {
        "mean": 58.72004,
        "std": 1.532799465814103,
        "per_seed": [
          56.8281,
          57.9478,
          57.7783,
          60.8258,
          60.2202
        ]
      }
    }
  },
  "_meta": {
    "seeds": [
      84810,
      15592,
      4278,
      98196,
      37048
    ],
    "elapsed_s": 76.55259895324707,
    "source": "SUMO 1.27 Krauss FCD",
    "policies": [
      "LFU",
      "TC_W0.2",
      "EDC",
      "EDC_tte"
    ]
  }
}