{
  "hotspot1600": {
    "sparse": {
      "on_road_mean": 25.78125,
      "LFU": {
        "mean": 53.952870000000004,
        "std": 1.9199847754865127,
        "per_seed": [
          53.9556,
          58.7617,
          51.9376,
          52.0694,
          54.1295,
          55.0056,
          52.9896,
          52.2297,
          53.5376,
          54.9124
        ]
      },
      "TC_W0.2": {
        "mean": 54.55284,
        "std": 1.4110405615714952,
        "per_seed": [
          54.4678,
          57.7667,
          52.6911,
          53.7472,
          56.3058,
          54.1713,
          54.0318,
          53.9576,
          53.3705,
          55.0186
        ]
      },
      "EDC": {
        "mean": 53.00590000000001,
        "std": 1.6754031490957628,
        "per_seed": [
          53.6141,
          56.9375,
          51.2379,
          51.1186,
          52.846,
          54.6162,
          52.2765,
          51.6165,
          52.4234,
          53.3723
        ]
      },
      "EDC_tte": {
        "mean": 53.068009999999994,
        "std": 1.6182230355856388,
        "per_seed": [
          53.2157,
          56.8823,
          51.0226,
          51.5101,
          53.125,
          53.782,
          52.6604,
          51.3935,
          52.8134,
          54.2751
        ]
      }
    },
    "moderate": {
      "on_road_mean": 131.5675,
      "LFU": {
        "mean": 53.173260000000006,
        "std": 1.5903493969565312,
        "per_seed": [
          52.3324,
          56.482,
          51.5235,
          52.5945,
          53.7954,
          54.2305,
          50.9338,
          54.9018,
          52.6716,
          52.2671
        ]
      },
      "TC_W0.2": {
        "mean": 54.98427,
        "std": 1.2719574034141246,
        "per_seed": [
          53.8438,
          57.4716,
          54.0753,
          53.5909,
          55.8201,
          55.1426,
          53.3328,
          56.1263,
          55.9468,
          54.4925
        ]
      },
      "EDC": {
        "mean": 52.927020000000006,
        "std": 1.5094299048316213,
        "per_seed": [
          52.3861,
          56.1982,
          51.3102,
          52.4872,
          53.2797,
          53.6097,
          50.8579,
          54.6939,
          52.2257,
          52.2216
        ]
      },
      "EDC_tte": {
        "mean": 53.04335,
        "std": 1.51729540383539,
        "per_seed": [
          52.5395,
          56.4207,
          51.5387,
          52.7401,
          53.2191,
          53.6941,
          50.8047,
          54.6862,
          52.3795,
          52.4109
        ]
      }
    },
    "high": {
      "on_road_mean": 292.18275000000006,
      "LFU": {
        "mean": 52.86826,
        "std": 1.6108059325691595,
        "per_seed": [
          56.0121,
          52.7851,
          51.7955,
          51.7497,
          54.7327,
          53.8094,
          52.2353,
          50.1581,
          51.8387,
          53.566
        ]
      },
      "TC_W0.2": {
        "mean": 55.006600000000006,
        "std": 1.5254639864644461,
        "per_seed": [
          57.219,
          54.021,
          55.2294,
          53.6518,
          56.2939,
          56.4824,
          56.159,
          52.5875,
          52.9386,
          55.4834
        ]
      },
      "EDC": {
        "mean": 52.74547,
        "std": 1.6270468690544841,
        "per_seed": [
          56.0327,
          52.9118,
          51.717,
          51.472,
          54.6241,
          53.2938,
          52.3139,
          49.9794,
          51.774,
          53.336
        ]
      },
      "EDC_tte": {
        "mean": 52.81666,
        "std": 1.596193927566447,
        "per_seed": [
          55.9536,
          52.922,
          51.7682,
          51.592,
          54.7395,
          53.4905,
          52.4233,
          50.0859,
          51.8319,
          53.3597
        ]
      }
    }
  },
  "corridor10000": {
    "sparse": {
      "on_road_mean": 25.78125,
      "LFU": {
        "mean": 61.646690000000014,
        "std": 1.960194068682996,
        "per_seed": [
          58.9652,
          58.2137,
          61.0711,
          60.697,
          61.2903,
          64.9748,
          61.789,
          63.3994,
          62.8406,
          63.2258
        ]
      },
      "TC_W0.2": {
        "mean": 61.0715,
        "std": 1.8037593514657106,
        "per_seed": [
          58.5927,
          58.543,
          60.4583,
          59.5572,
          61.1431,
          64.3255,
          61.0264,
          63.293,
          61.4058,
          62.37
        ]
      },
      "EDC": {
        "mean": 59.92313,
        "std": 1.7249286304366338,
        "per_seed": [
          57.1562,
          57.2652,
          59.3525,
          59.0987,
          60.1258,
          63.146,
          60.3025,
          61.431,
          60.5239,
          60.8295
        ]
      },
      "EDC_tte": {
        "mean": 60.253600000000006,
        "std": 1.8356011222485138,
        "per_seed": [
          57.3424,
          57.4891,
          59.4857,
          59.4917,
          60.1526,
          63.7556,
          60.8066,
          61.7768,
          61.0373,
          61.1982
        ]
      }
    },
    "moderate": {
      "on_road_mean": 131.56750000000002,
      "LFU": {
        "mean": 59.29565,
        "std": 2.405209512807564,
        "per_seed": [
          56.0141,
          55.4875,
          59.1821,
          56.7404,
          58.8029,
          62.1237,
          60.2174,
          62.3849,
          61.8912,
          60.1123
        ]
      },
      "TC_W0.2": {
        "mean": 61.100620000000006,
        "std": 2.5085548882972426,
        "per_seed": [
          57.7237,
          57.5152,
          60.4816,
          58.5962,
          60.3964,
          64.5971,
          61.8231,
          64.3175,
          63.9604,
          61.595
        ]
      },
      "EDC": {
        "mean": 60.90472,
        "std": 2.512088132928461,
        "per_seed": [
          57.6418,
          57.1231,
          60.4858,
          58.1438,
          60.2381,
          64.0493,
          61.7583,
          64.0561,
          63.8637,
          61.6872
        ]
      },
      "EDC_tte": {
        "mean": 60.929719999999996,
        "std": 2.4621848812792275,
        "per_seed": [
          57.6124,
          57.2699,
          60.6369,
          58.2129,
          60.217,
          64.0177,
          61.9339,
          63.9929,
          63.7123,
          61.6913
        ]
      }
    },
    "high": {
      "on_road_mean": 292.18275000000006,
      "LFU": {
        "mean": 58.93657999999999,
        "std": 2.4279573187352357,
        "per_seed": [
          54.9292,
          55.9762,
          59.0514,
          56.1679,
          58.4792,
          61.7328,
          59.4764,
          62.129,
          59.808,
          61.6157
        ]
      },
      "TC_W0.2": {
        "mean": 60.94183,
        "std": 2.6312456191127427,
        "per_seed": [
          56.9072,
          57.7244,
          60.7246,
          58.1436,
          60.1225,
          64.6987,
          61.5331,
          64.1239,
          61.4668,
          63.9735
        ]
      },
      "EDC": {
        "mean": 60.89413,
        "std": 2.6261812416701176,
        "per_seed": [
          56.7333,
          57.7913,
          60.8082,
          57.9655,
          60.1876,
          64.4351,
          61.5192,
          63.9873,
          61.4325,
          64.0813
        ]
      },
      "EDC_tte": {
        "mean": 60.89844000000001,
        "std": 2.58931267528663,
        "per_seed": [
          56.8281,
          57.7783,
          60.8258,
          57.9478,
          60.2202,
          64.3391,
          61.5878,
          63.8888,
          61.5188,
          64.0497
        ]
      }
    }
  },