{
  "hotspot1600": {
    "sparse": {
      "LFU": {
        "mean": 55.3096,
        "std": 2.0701508708304313
      },
      "EDC_raw": {
        "mean": 54.2347,
        "std": 2.551678298688924
      },
      "EDC_log": {
        "mean": 54.18062,
        "std": 2.2698149258474785
      }
    },
    "moderate": {
      "LFU": {
        "mean": 55.06656,
        "std": 1.039996501147961
      },
      "EDC_raw": {
        "mean": 54.91632,
        "std": 1.1013022244597521
      },
      "EDC_log": {
        "mean": 54.99694000000001,
        "std": 1.077324561309172
      }
    },
    "high": {
      "LFU": {
        "mean": 54.8015,
        "std": 1.0376609754635644
      },
      "EDC_raw": {
        "mean": 54.656240000000004,
        "std": 1.0942945866630231
      },
      "EDC_log": {
        "mean": 54.69346,
        "std": 1.0815081776852178
      }
    }
  },
  "corridor10000": {
    "sparse": {
      "LFU": {
        "mean": 61.74059999999999,
        "std": 1.8737420238656122
      },
      "EDC_raw": {
        "mean": 59.894600000000004,
        "std": 2.643487342886284
      },
      "EDC_log": {
        "mean": 60.32791999999999,
        "std": 2.3014337056713163
      }
    },
    "moderate": {
      "LFU": {
        "mean": 58.84328000000001,
        "std": 2.0975557045284874
      },
      "EDC_raw": {
        "mean": 60.53736,
        "std": 2.3130620221688836
      },
      "EDC_log": {
        "mean": 60.842319999999994,
        "std": 2.305861979737728
      }
    },
    "high": {
      "LFU": {
        "mean": 58.82393999999999,
        "std": 2.124691689257525
      },
      "EDC_raw": {
        "mean": 60.60728,
        "std": 2.3258348508868822
      },
      "EDC_log": {
        "mean": 61.056259999999995,
        "std": 2.332164624206449
      }
    }
  }
}