{
  "synthetic": {
    "LRU": {
      "mean": 68.54603,
      "std": 1.7438490078272226,
      "per_seed": [
        69.1398,
        64.5473,
        69.1454,
        68.3237,
        67.4043,
        67.2579,
        71.157,
        68.9665,
        70.3751,
        69.1433
      ]
    },
    "FIFO": {
      "mean": 71.10510000000001,
      "std": 1.5537090004244687,
      "per_seed": [
        71.7485,
        67.5352,
        71.8506,
        70.9091,
        69.9829,
        70.0884,
        73.388,
        71.2552,
        72.7345,
        71.5586
      ]
    },
    "Random": {
      "mean": 71.33736000000002,
      "std": 1.3554692325538047,
      "per_seed": [
        71.9299,
        68.3539,
        72.1564,
        71.4958,
        70.4478,
        69.9227,
        73.3059,
        71.7353,
        72.5986,
        71.4273
      ]
    },
    "LFU": {
      "mean": 53.252250000000004,
      "std": 1.5238934065412857,
      "per_seed": [
        53.8339,
        50.7962,
        53.7386,
        51.8117,
        52.1606,
        52.5454,
        56.2239,
        52.373,
        54.6477,
        54.3915
      ]
    },
    "Proximity": {
      "mean": 79.30511000000001,
      "std": 0.7483803611132498,
      "per_seed": [
        78.5866,
        77.647,
        79.8623,
        79.0226,
        79.2553,
        79.0974,
        80.4431,
        79.9207,
        79.7525,
        79.4636
      ]
    },
    "TC_W0.2": {
      "mean": 55.57033,
      "std": 1.7918101813808276,
      "per_seed": [
        54.14,
        53.6437,
        56.2576,
        54.4049,
        55.9345,
        56.2171,
        59.5525,
        52.9883,
        55.8197,
        56.745
      ]
    },
    "EDC": {
      "mean": 52.29415,
      "std": 1.4041352265718565,
      "per_seed": [
        52.3906,
        49.6672,
        52.756,
        51.0342,
        51.3312,
        52.4054,
        54.9826,
        51.6393,
        53.5962,
        53.1388
      ]
    },
    "QLearning": {
      "mean": 80.494,
      "std": 2.721850439682533,
      "per_seed": [
        81.293,
        81.9338,
        74.0986,
        81.9923,
        81.7012,
        76.7935,
        83.6934,
        81.9442,
        81.2977,
        80.1923
      ]
    }
  },
  "sumo": {
    "LRU": {
      "mean": 66.90088999999999,
      "std": 1.199151060917681,
      "per_seed": [
        66.737,
        64.9142,
        66.7771,
        66.6569,
        66.3682,
        65.2028,
        68.243,
        68.035,
        67.1733,
        68.9014
      ]
    },
    "FIFO": {
      "mean": 68.67491000000001,
      "std": 1.0839360068288166,
      "per_seed": [
        68.5697,
        67.0172,
        68.5042,
        68.3042,
        68.3185,
        67.0603,
        70.0376,
        69.5482,
        68.8608,
        70.5284
      ]
    },
    "Random": {
      "mean": 70.74989,
      "std": 1.0490064513147672,
      "per_seed": [
        70.8279,
        69.1563,
        70.6233,
        70.1257,
        70.1322,
        69.4465,
        72.2569,
        71.9372,
        70.7293,
        72.2636
      ]
    },
    "LFU": {
      "mean": 54.22264,
      "std": 1.5038736630448712,
      "per_seed": [
        53.4761,
        51.6694,
        54.8499,
        52.4951,
        53.5228,
        53.9809,
        56.9936,
        54.0256,
        55.4238,
        55.7892
      ]
    },
    "Proximity": {
      "mean": 78.06336,
      "std": 0.7279211539720488,
      "per_seed": [
        77.4584,
        76.7681,
        77.6415,
        77.988,
        77.818,
        78.4612,
        78.9725,
        77.9748,
        79.4841,
        78.067
      ]
    },
    "TC_W0.2": {
      "mean": 56.896370000000005,
      "std": 1.3644984514831813,
      "per_seed": [
        55.5449,
        56.2372,
        57.0133,
        56.3849,
        57.2538,
        56.8648,
        60.3956,
        55.0671,
        56.7276,
        57.4745
      ]
    },
    "EDC": {
      "mean": 54.282090000000004,
      "std": 1.5489537471790438,
      "per_seed": [
        54.2349,
        51.6315,
        54.6482,
        52.2985,
        53.2743,
        54.3735,
        57.0034,
        53.9732,
        55.2461,
        56.1373
      ]
    },
    "QLearning": {
      "mean": 82.14795000000001,
      "std": 0.7812092846990477,
      "per_seed": [
        82.4974,
        81.7065,
        80.7938,
        82.2124,
        82.5464,
        82.1843,
        83.5572,
        81.8601,
        82.9837,
        81.1377
      ]
    }
  },
  "_meta": {
    "segment_m": 535.0,
    "seeds": [
      84810,
      15592,
      4278,
      98196,
      37048,
      33098,
      30256,
      19289,
      97530,
      14434
    ],
    "r_request_m": 150.0,
    "sumo_vph": 15000,
    "sumo_mean_on_road": 106.52959999999999,
    "synthetic_n_vehicles": 130,
    "warmup": 150,
    "measure": 600,
    "note": "matched 535m unidirectional; density-matched to NGSIM ~130"
  }
}