{
  "urgency_SU": {
    "mean": 0.5447743459438176,
    "std": 0.07133820692131845
  },
  "popularity": {
    "mean": 0.8700230738330654,
    "std": 0.011543298835793435
  },
  "exposure": {
    "mean": 0.49436176949983296,
    "std": 0.07207826801518355
  },
  "pop_x_exposure": {
    "mean": 0.8670445400464539,
    "std": 0.014009543443002303
  },
  "_meta": {
    "seeds": [
      84810,
      15592,
      4278,
      98196,
      37048
    ],
    "segment_m": 535.2102072,
    "mean_on_road": 130.31742508324083
  }
}