{
  "sparse": {
    "vph": 150,
    "on_road_mean": 26.303030303030305,
    "urgency_CV_mean": 0.26878762855104754,
    "frac_items_with_nonzero_urgency": 1.0,
    "mean_contributing_vehicles_per_item": 4.211212121212121,
    "raw_relative_span_(max-min)/max": 0.6423835542179146,
    "spearman_urgency_vs_future_requests": 0.05676423769954519,
    "spearman_popularity_vs_future_requests": 0.4772007871284464,
    "n_samples": 33
  },
  "moderate": {
    "vph": 1100,
    "on_road_mean": 146.5,
    "urgency_CV_mean": 0.13463034413107416,
    "frac_items_with_nonzero_urgency": 0.9895588235294116,
    "mean_contributing_vehicles_per_item": 27.17145804833561,
    "raw_relative_span_(max-min)/max": 0.35601649952215914,
    "spearman_urgency_vs_future_requests": 0.052125392213684896,
    "spearman_popularity_vs_future_requests": 0.7197486952880511,
    "n_samples": 34
  },
  "high": {
    "vph": 2600,
    "on_road_mean": 327.70588235294116,
    "urgency_CV_mean": 0.154531185160765,
    "frac_items_with_nonzero_urgency": 0.9470588235294118,
    "mean_contributing_vehicles_per_item": 60.07938816267247,
    "raw_relative_span_(max-min)/max": 0.3223874701580602,
    "spearman_urgency_vs_future_requests": 0.08329042898107497,
    "spearman_popularity_vs_future_requests": 0.8280921422338611,
    "n_samples": 33
  }
}