{
  "hotspot1600": {
    "sparse": {
      "on_road_mean": 25.78125,
      "LFU": {
        "mean": 52.367667682238675,
        "std": 1.586768985681812,
        "per_seed": [
          51.204819277108435,
          51.02564102564103,
          50.89605734767025,
          52.54854368932039,
          51.108374384236456,
          52.798053527980535,
          51.74488567990373,
          52.199762187871585,
          56.2953995157385,
          53.85514018691589
        ]
      },
      "TC_W0.2": {
        "mean": 53.43587877121672,
        "std": 1.4058906843515147,
        "per_seed": [
          52.04819277108434,
          52.30769230769231,
          52.56869772998805,
          53.883495145631066,
          52.70935960591133,
          54.13625304136253,
          51.74488567990373,
          53.74554102259215,
          56.65859564164649,
          54.55607476635514
        ]
      },
      "EDC": {
        "mean": 52.60323618027693,
        "std": 1.8379720325324826,
        "per_seed": [
          50.8433734939759,
          50.64102564102564,
          51.49342891278375,
          53.640776699029125,
          50.49261083743843,
          53.04136253041362,
          51.985559566787,
          52.91319857312723,
          56.65859564164649,
          54.322429906542055
        ]
      }
    },
    "moderate": {
      "on_road_mean": 131.56750000000002,
      "LFU": {
        "mean": 50.25838121651415,
        "std": 1.4993552974224615,
        "per_seed": [
          49.34662998624484,
          48.158881691101264,
          49.53159598024187,
          48.87869520897044,
          50.3728813559322,
          50.331350892098556,
          51.98911934716083,
          53.66643929058663,
          49.87194809629503,
          50.43627031650984
        ]
      },
      "TC_W0.2": {
        "mean": 52.12559957170207,
        "std": 1.1326392365072053,
        "per_seed": [
          51.4786795048143,
          50.63075349471531,
          52.23982285811616,
          51.902820251444105,
          51.45762711864407,
          51.3338997451147,
          52.82216933015981,
          54.94542974079127,
          51.68174833532525,
          52.76304533789564
        ]
      },
      "EDC": {
        "mean": 50.67942724657438,
        "std": 1.5470611261353462,
        "per_seed": [
          49.82806052269601,
          47.93726559836345,
          50.14477942428888,
          49.64322120285423,
          50.86440677966102,
          50.45029736618522,
          52.17613056783407,
          54.1268758526603,
          51.01587843605942,
          50.607356715141144
        ]
      }
    },
    "high": {
      "on_road_mean": 292.18275,
      "LFU": {
        "mean": 49.56215692544951,
        "std": 1.265324864362938,
        "per_seed": [
          50.0500654702303,
          47.76108017392631,
          48.04452001855001,
          49.883972772277225,
          48.54768561665114,
          49.53127401260181,
          49.4556049685631,
          52.128311131526566,
          51.08315863032844,
          49.13589645984012
        ]
      },
      "TC_W0.2": {
        "mean": 51.87294175685829,
        "std": 0.8748067591930935,
        "per_seed": [
          52.098898559654934,
          50.60645358150889,
          51.2134796722832,
          52.258663366336634,
          51.59987573780677,
          52.551098816658985,
          51.180800490722284,
          53.613535446332875,
          52.62830965137045,
          50.97830224590788
        ]
      },
      "EDC": {
        "mean": 49.94293624364409,
        "std": 1.333289242108945,
        "per_seed": [
          50.81260109373797,
          47.967045541231215,
          48.5005410418921,
          50.34808168316832,
          48.97483690587139,
          49.89242354387583,
          49.57061800337372,
          52.564691471443886,
          51.517974998058854,
          49.28054815378759
        ]
      }
    }
  },
  "corridor10000": {
    "sparse": {
      "on_road_mean": 25.78125,
      "LFU": {
        "mean": 23.80668347509888,
        "std": 0.7015584860633941,
        "per_seed": [
          23.41839447102605,
          23.283661522086216,
          23.621420996818664,
          23.779854620976117,
          23.460334029227557,
          24.367939752555138,
          25.488126649076516,
          24.340878828229027,
          23.32716212642158,
          22.97906175457196
        ]
      },
      "TC_W0.2": {
        "mean": 23.542613725388797,
        "std": 1.0065046276338332,
        "per_seed": [
          22.780435938330676,
          23.3102714209686,
          22.985153764581124,
          23.20872274143302,
          22.62526096033403,
          25.255513717052178,
          25.408970976253297,
          24.234354194407455,
          23.168473948690824,
          22.448979591836736
        ]
      },
      "EDC": {
        "mean": 23.03798248004493,
        "std": 1.020373070149556,
        "per_seed": [
          22.328548644338117,
          22.72485364555615,
          22.481442205726406,
          21.936656282450674,
          22.129436325678498,
          24.2603550295858,
          25.11873350923483,
          23.96804260985353,
          23.2478180375562,
          22.183938510469122
        ]
      }
    },
    "moderate": {
      "on_road_mean": 131.56750000000002,
      "LFU": {
        "mean": 22.12171695062089,
        "std": 1.044734482070195,
        "per_seed": [
          21.301202792497268,
          21.679376518897175,
          22.872587524811014,
          20.896966637216543,
          22.2470112813605,
          23.96788506232833,
          21.458525538874444,
          23.90394453134909,
          21.332050370246414,
          21.557619248628114
        ]
      },
      "TC_W0.2": {
        "mean": 22.35727692532126,
        "std": 1.1195553981084994,
        "per_seed": [
          21.633442678105812,
          21.423782787228692,
          23.9199290510579,
          21.34713282005974,
          22.596396699781106,
          24.081977604056625,
          21.471106265201712,
          23.96736143406756,
          21.65000209178764,
          21.481637821865768
        ]
      },
      "EDC": {
        "mean": 22.109279495440575,
        "std": 1.1920347642873756,
        "per_seed": [
          20.97737404323324,
          21.478253582502305,
          22.80924025507834,
          20.774958980184273,
          22.335410001683787,
          24.153813648848512,
          21.534009896838043,
          24.263306980087094,
          21.424089026482033,
          21.34233853946813
        ]
      }
    },
    "high": {
      "on_road_mean": 292.18275,
      "LFU": {
        "mean": 21.13890337196752,
        "std": 0.9957860471573954,
        "per_seed": [
          20.21076542106537,
          20.411845678782694,
          20.169268174984687,
          21.62152126691792,
          21.466718770353,
          22.894321033553304,
          22.841256602724492,
          20.65491651205937,
          20.983144504811882,
          20.135275754422477
        ]
      },
      "TC_W0.2": {
        "mean": 22.074079728523817,
        "std": 1.1145618850408938,
        "per_seed": [
          20.922005622893742,
          21.12615796718628,
          21.186362033445313,
          23.023225590850863,
          23.169392805969593,
          23.71224091458314,
          23.634510240014826,
          21.602968460111317,
          21.615457360603756,
          20.74847628957931
        ]
      },
      "EDC": {
        "mean": 21.997453114286575,
        "std": 1.1683891272733926,
        "per_seed": [
          21.21432162207451,
          21.0759328844079,
          20.800311809796025,
          22.430982306963966,
          22.32642959489384,
          24.007807417046195,
          24.173848577518303,
          21.307977736549166,
          21.695191826290124,
          20.9417273673257
        ]
      }
    }
  },