{
  "alpha0.8": {
    "platoon": {
      "LRU": {
        "mean": 66.15984999999999,
        "std": 2.0232609022318435,
        "per_seed": [
          68.6896,
          66.1071,
          65.5154,
          63.6082,
          67.5724,
          63.4327,
          65.7132,
          69.4243,
          67.6401,
          63.8955
        ]
      },
      "FIFO": {
        "mean": 68.65045,
        "std": 1.7075047310329785,
        "per_seed": [
          70.8369,
          68.6642,
          67.8403,
          66.6773,
          70.0328,
          66.2015,
          68.4626,
          70.9432,
          70.2286,
          66.6171
        ]
      },
      "Random": {
        "mean": 68.03497,
        "std": 1.7786337920156587,
        "per_seed": [
          71.259,
          67.8171,
          67.4103,
          66.0491,
          69.7975,
          65.9445,
          67.6612,
          69.7091,
          69.01,
          65.6919
        ]
      },
      "LFU": {
        "mean": 52.85074999999999,
        "std": 1.5806018443934569,
        "per_seed": [
          55.6528,
          52.812,
          52.0091,
          51.8804,
          54.6427,
          52.0417,
          54.0562,
          52.5937,
          53.1329,
          49.686
        ]
      },
      "TrajectoryCache": {
        "mean": 52.054809999999996,
        "std": 1.346214430505036,
        "per_seed": [
          55.1389,
          51.3217,
          52.4257,
          51.141,
          52.6815,
          50.5949,
          53.1685,
          52.4039,
          50.4867,
          51.1853
        ]
      },
      "Proximity": {
        "mean": 77.76454,
        "std": 1.114674809260531,
        "per_seed": [
          79.0591,
          79.6847,
          77.2342,
          76.5286,
          77.0789,
          77.3428,
          78.1161,
          79.2229,
          76.8332,
          76.5449
        ]
      },
      "EDC": {
        "mean": 49.516569999999994,
        "std": 1.6629417380353415,
        "per_seed": [
          53.2424,
          49.2509,
          49.3415,
          47.237,
          50.7488,
          47.9877,
          49.4699,
          50.851,
          49.1672,
          47.8693
        ]
      }
    },
    "independent": {
      "LRU": {
        "mean": 69.72574,
        "std": 2.2769045132372168,
        "per_seed": [
          72.6387,
          70.6029,
          66.9049,
          70.3016,
          71.8204,
          67.4803,
          69.2884,
          71.512,
          71.3311,
          65.3771
        ]
      },
      "FIFO": {
        "mean": 73.02042,
        "std": 1.7517298808891733,
        "per_seed": [
          75.1027,
          73.6948,
          70.836,
          73.5751,
          74.8096,
          71.0387,
          73.058,
          74.1536,
          74.2246,
          69.7111
        ]
      },
      "Random": {
        "mean": 72.84854999999999,
        "std": 1.5874328541705318,
        "per_seed": [
          75.1862,
          73.257,
          70.7869,
          73.0396,
          74.1963,
          71.2581,
          72.7872,
          73.8895,
          74.1097,
          69.975
        ]
      },
      "LFU": {
        "mean": 53.32451,
        "std": 1.727099099328119,
        "per_seed": [
          56.6855,
          53.2098,
          51.6922,
          52.3145,
          55.2101,
          52.5883,
          54.3284,
          52.4227,
          54.2935,
          50.5001
        ]
      },
      "TrajectoryCache": {
        "mean": 54.50729,
        "std": 1.4402836675113675,
        "per_seed": [
          56.6715,
          53.7218,
          53.2549,
          53.8733,
          56.599,
          54.4943,
          55.9597,
          53.1873,
          55.033,
          52.2781
        ]
      },
      "Proximity": {
        "mean": 78.586,
        "std": 0.9198350504302385,
        "per_seed": [
          79.8149,
          77.8242,
          78.2706,
          79.4036,
          79.5121,
          77.71,
          79.2017,
          78.7487,
          78.676,
          76.6982
        ]
      },
      "EDC": {
        "mean": 52.405469999999994,
        "std": 1.6658269814419506,
        "per_seed": [
          55.3908,
          52.6103,
          50.8304,
          51.5825,
          54.4487,
          51.7381,
          53.3842,
          51.651,
          53.0299,
          49.3888
        ]
      }
    }
  },
  "alpha0.5": {
    "platoon": {
      "LRU": {
        "mean": 78.66833000000001,
        "std": 1.1778127669965226,
        "per_seed": [
          79.989,
          79.1042,
          78.5849,
          76.5842,
          78.6692,
          76.5864,
          79.6203,
          79.8874,
          79.465,
          78.1927
        ]
      },
      "FIFO": {
        "mean": 79.43723000000001,
        "std": 1.0530132896122437,
        "per_seed": [
          80.4601,
          79.8886,
          79.2165,
          77.6258,
          79.2255,
          77.5044,
          80.2675,
          80.4164,
          80.4672,
          79.3003
        ]
      },
      "Random": {
        "mean": 78.88886,
        "std": 1.156286187066161,
        "per_seed": [
          81.1085,
          79.5356,
          78.2153,
          77.2839,
          78.9902,
          76.8361,
          79.5771,
          79.3517,
          79.1694,
          78.8208
        ]
      },
      "LFU": {
        "mean": 68.25498,
        "std": 1.4502183185989608,
        "per_seed": [
          70.8369,
          69.629,
          67.3767,
          68.2834,
          68.5494,
          66.3704,
          69.8804,
          66.8678,
          68.3683,
          66.3875
        ]
      },
      "TrajectoryCache": {
        "mean": 66.56157999999999,
        "std": 1.5088508433904264,
        "per_seed": [
          69.8214,
          67.268,
          65.7842,
          66.5501,
          66.5098,
          63.7779,
          67.8461,
          66.7254,
          65.614,
          65.7189
        ]
      },
      "Proximity": {
        "mean": 82.82481,
        "std": 1.039105623553255,
        "per_seed": [
          84.2714,
          84.5243,
          82.4217,
          81.983,
          81.0441,
          82.9612,
          82.9737,
          83.6984,
          81.9093,
          82.461
        ]
      },
      "EDC": {
        "mean": 64.35797,
        "std": 1.5712879418171568,
        "per_seed": [
          68.0595,
          64.4521,
          64.1312,
          62.2088,
          65.0977,
          62.3384,
          64.8132,
          65.0844,
          63.8907,
          63.5037
        ]
      }
    },
    "independent": {
      "LRU": {
        "mean": 82.83860999999999,
        "std": 1.153860138361666,
        "per_seed": [
          84.3948,
          83.6982,
          81.7532,
          83.5988,
          83.982,
          81.5084,
          83.2211,
          82.2593,
          83.2855,
          80.6848
        ]
      },
      "FIFO": {
        "mean": 83.67614,
        "std": 0.9882573047541833,
        "per_seed": [
          84.9447,
          84.4257,
          82.9935,
          84.0258,
          84.5953,
          82.4477,
          84.2763,
          83.0865,
          84.2045,
          81.7614
        ]
      },
      "Random": {
        "mean": 83.4952,
        "std": 0.9818178364645856,
        "per_seed": [
          84.6523,
          83.9138,
          83.1126,
          84.0461,
          84.687,
          81.9883,
          83.7556,
          83.163,
          84.0178,
          81.6155
        ]
      },
      "LFU": {
        "mean": 69.03022999999999,
        "std": 1.4252103445105937,
        "per_seed": [
          71.6085,
          69.936,
          67.5916,
          68.8106,
          70.4526,
          67.6997,
          70.2812,
          67.4314,
          69.1341,
          67.3566
        ]
      },
      "TrajectoryCache": {
        "mean": 68.734,
        "std": 1.3320933675985325,